system:index,AOI,Area_2016,Area_2019,Area_2022,Area_2025,NDVI_2016,NDVI_2019,NDVI_2022,NDVI_2025,.geo
0,AOI_001,5.759467942047119,6.979842123413086,7.673435006713867,7.998287034606934,0.3393511476176905,0.4749981112450174,0.46566332648220543,0.4558157988227945,"{""type"":""MultiPoint"",""coordinates"":[]}"
1,AOI_002,36.14701069641113,41.87852980708403,42.130430476253736,41.052447818998445,0.33963198467104383,0.46786771514396464,0.47699690798391603,0.4591673702151507,"{""type"":""MultiPoint"",""coordinates"":[]}"
2,AOI_003,11.024157438659667,15.30424107119691,16.610900995145307,16.36935981905768,0.30258513271096216,0.4177882145124253,0.4383178072547374,0.4302881771400874,"{""type"":""MultiPoint"",""coordinates"":[]}"
3,AOI_004,0.44812207260131837,1.941900220489502,4.57702689795999,4.560392148590088,0.3314281585169773,0.2919139986124513,0.27239128197005813,0.2850221203701115,"{""type"":""MultiPoint"",""coordinates"":[]}"
4,AOI_005,0.5643520393371582,0.8817992897033692,3.391482890382654,1.0669760459899902,0.2694400807376951,0.31124279499053953,0.2510218050976846,0.3175834283109539,"{""type"":""MultiPoint"",""coordinates"":[]}"
5,AOI_006,7.287472547912597,14.733671007537842,14.513101945495606,14.257250763702393,0.29949866817952936,0.38484452635406735,0.39331076419643357,0.3618417691144318,"{""type"":""MultiPoint"",""coordinates"":[]}"
6,AOI_007,0.4510064338684082,0.8666422561645508,0.9550756637573242,0.8843288208007812,0.3035857423263438,0.33036212668735154,0.3361685808610033,0.3244976775348187,"{""type"":""MultiPoint"",""coordinates"":[]}"
7,AOI_008,34.54731623535156,37.92233602142334,37.63000023651123,37.53258146591187,0.3846252969824351,0.527065340014463,0.5067719201506475,0.49472719146405186,"{""type"":""MultiPoint"",""coordinates"":[]}"
8,AOI_009,50.391167708587645,63.63389915771484,64.63912176361085,64.66743875610351,0.3376611857459691,0.45982461988217843,0.47156953741322194,0.4290788074982675,"{""type"":""MultiPoint"",""coordinates"":[]}"
9,AOI_010,2.030181468200684,3.2945918464660644,3.793226342010498,4.318571378326416,0.29754831151742683,0.4145650496353974,0.41368263921407467,0.4078369864176229,"{""type"":""MultiPoint"",""coordinates"":[]}"
10,AOI_011,5.950183863830566,7.636215793609619,7.457803810882568,7.68974593963623,0.34157619575063686,0.46714308868362525,0.4771658787637521,0.442851561007118,"{""type"":""MultiPoint"",""coordinates"":[]}"
11,AOI_012,2.9301087341308594,4.265244262695313,4.7760007888793945,4.883528402709961,0.3289829467505855,0.43625171463780044,0.4739859966634586,0.4378781489549427,"{""type"":""MultiPoint"",""coordinates"":[]}"
12,AOI_013,0.6363168724060059,1.1023535942077636,1.3532961479187011,1.6842306349361642,0.3369634504049597,0.4220886127493246,0.45889393699090214,0.44555623622861135,"{""type"":""MultiPoint"",""coordinates"":[]}"
13,AOI_014,0.8783779510498047,1.093490687561035,1.1920839477539062,1.174157943725586,0.36239030425037655,0.4863062598666207,0.5193145466702325,0.5103355759882745,"{""type"":""MultiPoint"",""coordinates"":[]}"
14,AOI_015,0.22618674545288087,3.266595030664182,3.4276171764837526,3.7008331913697488,0.22335739254951478,0.25721134695898895,0.2571039163603461,0.26002852728364817,"{""type"":""MultiPoint"",""coordinates"":[]}"
15,AOI_016,1.4296838249206543,1.9364080589294435,1.900213739013672,1.873067791748047,0.30372246864098534,0.38822450781258466,0.35705047590391975,0.35801402238256114,"{""type"":""MultiPoint"",""coordinates"":[]}"
16,AOI_017,5.40509810256958,9.32286167678833,11.444932512664796,12.487842150878906,0.3105177025766981,0.3859052942478703,0.37891148387346707,0.3950986595758079,"{""type"":""MultiPoint"",""coordinates"":[]}"
17,AOI_018,19.314115605163575,34.790799070739745,42.248071159362794,46.14896492462158,0.3029884412051815,0.42901212032957214,0.43736666947481634,0.4586192271565088,"{""type"":""MultiPoint"",""coordinates"":[]}"
18,AOI_019,0.06348660354614258,0.0906951644897461,0.0906951644897461,0.0906951644897461,0.26831729071480886,0.31062292605638503,0.29607330113649366,0.3082404941320419,"{""type"":""MultiPoint"",""coordinates"":[]}"
19,AOI_020,19.14763341293335,23.02437378616333,24.358991216278078,25.493871393585206,0.3674253510702499,0.5378122446288822,0.5466475234663046,0.5501608898136181,"{""type"":""MultiPoint"",""coordinates"":[]}"
20,AOI_021,1.7171301513671875,3.343393539428711,3.5250992370605467,3.80674154586792,0.26903386169640475,0.3724942441786761,0.39035362227983084,0.3910400531741486,"{""type"":""MultiPoint"",""coordinates"":[]}"
21,AOI_022,3.5698218307495115,5.048882399749756,6.133015606061149,9.184737517547607,0.30148665542187897,0.43347378614043675,0.47391377632527976,0.46364809304594284,"{""type"":""MultiPoint"",""coordinates"":[]}"
22,AOI_023,1.4848469718933106,3.537878391265869,4.472709541320801,5.0684329040527345,0.24401799157077883,0.34829016427456405,0.3602166508675599,0.3679877842960047,"{""type"":""MultiPoint"",""coordinates"":[]}"
23,AOI_024,7.986311002349853,17.007982744257312,18.82369839324951,22.873334867463956,0.2806561998124785,0.4107880319750851,0.4373014256307339,0.4398537153340481,"{""type"":""MultiPoint"",""coordinates"":[]}"
24,AOI_025,3.081864261627197,4.787843807220459,5.264759581756592,7.21829334487915,0.26639885348933084,0.44574512378580267,0.45120413510537727,0.4009954293165001,"{""type"":""MultiPoint"",""coordinates"":[]}"
25,AOI_026,0.27523283767700196,0.8532203643798828,1.2110219566345215,1.238545524597168,0.25862150092919667,0.36704485182480145,0.41591143687114573,0.48906697697109647,"{""type"":""MultiPoint"",""coordinates"":[]}"
26,AOI_027,1.9920463401794433,3.7729558570861816,5.416180414581299,6.9767715370178225,0.2827261830529859,0.43447106764844445,0.41658620791415035,0.4673113989398668,"{""type"":""MultiPoint"",""coordinates"":[]}"
27,AOI_028,0.7713268836975098,1.3039087699890137,1.7538502738952637,2.0476891929626464,0.2702262672994818,0.3845406348856402,0.3642792011274717,0.3759409969029405,"{""type"":""MultiPoint"",""coordinates"":[]}"
